{"cameraMode":{"drawMode":0,"name":"Shaded","section":"Shading Mode"},"sceneLighting":false,"audioPlay":false,"sceneViewState":{"showFog":true,"showMaterialUpdate":false,"showSkybox":true,"showFlares":true,"showImageEffects":true,"showParticleSystems":true},"in2DMode":false,"pivot":{"x":0.7116670608520508,"y":-4.221116542816162,"z":12.582710266113282},"rotation":{"x":0.23332148790359498,"y":-0.009338364005088807,"z":0.0022373110987246038,"w":0.9723628759384155},"size":10.0,"orthographic":false}